{
    "Agropecuario": [
        71.42857144,
        61.90476192,
        345.238095287,
        181.016731063,
        71.42857144,
        85.71428573
    ],
    "Comercio": [
        94.11764704100001,
        94.11764704100001,
        94.11764704100001,
        343.51483131,
        191.176470555,
        94.11764704100001,
        386.863051263,
        391.50026525699997,
        94.11764704100001,
        478.408520046,
        294.823529358,
        117.647058801,
        94.11764704100001,
        242.661785703,
        481.445293104,
        368.470588167,
        475.103590426,
        276.470588188,
        94.11764704100001,
        94.11764704100001,
        496.209399109,
        383.104683613,
        258.823529367,
        333.819854883,
        94.11764704100001,
        408.606500241
    ],
    "Construcción": [
        64.28571430299999,
        458.338578141,
        406.767876497,
        277.849757894,
        187.42544587700002,
        143.508240402,
        214.86833004300001,
        291.106897188,
        57.14285716,
        246.715616219
    ],
    "Manufactura": [
        529.61529669,
        434.895037058,
        292.100050177,
        219.64151488000002,
        393.394941486,
        475.597270052,
        444.61192618900003,
        313.157894711,
        519.330330009,
        269.906809259,
        94.7368421,
        553.345190036,
        329.934210496,
        78.94736842,
        434.31037601500003,
        78.94736842,
        287.218045094,
        78.94736842,
        302.631578926,
        558.954525631,
        422.247961409,
        357.369470963,
        389.797904081,
        453.564280762,
        293.850839165,
        178.94731012
    ],
    "Minero": [
        49.99999999,
        305.580603904,
        553.921547384,
        519.300468832,
        451.162780087,
        532.617460772,
        365.211694847,
        491.584406934,
        493.199952424,
        115.38461538
    ],
    "Servicios": [
        351.042262,
        506.39605775,
        368.853879863,
        439.643100942,
        459.523498567,
        471.325268547,
        482.300091367,
        435.78809033,
        508.143034918,
        433.939269179,
        300.363078102,
        407.19442196299997,
        270.24010845,
        391.53607794,
        320.446228213,
        405.635854921,
        465.531294071,
        64.70588234099999,
        456.231411971,
        415.63682661,
        336.368050335,
        353.676364003
    ]
}